<?xml version="1.0" encoding="utf-8" ?> 
<unattend xmlns="urn:schemas-microsoft-com:unattend">


<settings pass="specialize">
<component name="Microsoft-Windows-Deployment" processorArchitecture="x86" publicKeyToken="31bf3856ad364e35" language="neutral" versionScope="nonSxS" xmlns:wcm="http://schemas.microsoft.com/WMIConfig/2002/State" xmlns:xsi="http://www.w3.org/2001/XMLSchema-instance">
<RunSynchronous>
<RunSynchronousCommand wcm:action="add">
<Order>1</Order> 
<Path>cmd /q /c "FOR %i IN (X C D E F G H I J K L N M O P Q R S T U V W Y Z) DO IF EXIST %i:\e2b\STAGE1.CMD cmd /k %i:\e2b\STAGE1.cmd"</Path>
<Description>RUN INSTALL</Description>
</RunSynchronousCommand>
</RunSynchronous>
</component>
<component name="Microsoft-Windows-Deployment" processorArchitecture="amd64" publicKeyToken="31bf3856ad364e35" language="neutral" versionScope="nonSxS" xmlns:wcm="http://schemas.microsoft.com/WMIConfig/2002/State" xmlns:xsi="http://www.w3.org/2001/XMLSchema-instance">
<RunSynchronous>
<RunSynchronousCommand wcm:action="add">
<Order>1</Order> 
<Path>cmd /q /c "FOR %i IN (X C D E F G H I J K L N M O P Q R S T U V W Y Z) DO IF EXIST %i:\e2b\STAGE1.CMD cmd /k %i:\e2b\STAGE1.cmd"</Path>
<Description>RUN INSTALL</Description>
</RunSynchronousCommand>
</RunSynchronous>
</component>
</settings>
</unattend>
